latitude,longitude,bright_ti4,scan,track,acq_date,acq_time,satellite,instrument,confidence,version,bright_ti5,frp,daynight
17.93212,95.2068,327.1,0.33,0.55,2026-09-16,629,N,VIIRS,n,2.0NRT,288.69,2.44,D
18.12336,95.82533,327.92,0.59,0.53,2026-09-16,629,N,VIIRS,n,2.0NRT,288.63,2.22,D
7.78505,80.01879,333.3,0.39,0.36,2026-09-16,807,N,VIIRS,n,2.0NRT,295.66,1.47,D
8.3511,80.62151,333.25,0.38,0.36,2026-09-16,807,N,VIIRS,n,2.0NRT,296.58,3.88,D
8.40335,81.0512,330.54,0.38,0.36,2026-09-16,807,N,VIIRS,n,2.0NRT,287.92,2.55,D
10.86468,78.57971,346.45,0.41,0.37,2026-09-16,809,N,VIIRS,n,2.0NRT,303.06,6.54,D
11.06063,77.64198,336.72,0.44,0.38,2026-09-16,809,N,VIIRS,l,2.0NRT,301.93,8.03,D
11.88033,79.37421,332.62,0.39,0.36,2026-09-16,809,N,VIIRS,n,2.0NRT,302.2,4.36,D
12.41312,79.09644,334.22,0.39,0.36,2026-09-16,809,N,VIIRS,n,2.0NRT,303.56,2.54,D
12.68162,79.69539,331.85,0.38,0.36,2026-09-16,809,N,VIIRS,l,2.0NRT,302.08,2.56,D
12.80444,79.90247,335.05,0.38,0.36,2026-09-16,809,N,VIIRS,n,2.0NRT,301.49,3.44,D
12.80921,79.95585,332.37,0.38,0.36,2026-09-16,809,N,VIIRS,l,2.0NRT,302.72,1.92,D
12.83462,79.9446,330.86,0.38,0.36,2026-09-16,809,N,VIIRS,l,2.0NRT,304.3,3.9,D
12.83739,79.94054,335.33,0.38,0.36,2026-09-16,809,N,VIIRS,l,2.0NRT,307.01,1.79,D
12.8407,79.94003,330.26,0.38,0.36,2026-09-16,809,N,VIIRS,l,2.0NRT,301.79,1.79,D
12.85502,79.94497,331.64,0.38,0.36,2026-09-16,809,N,VIIRS,l,2.0NRT,302.95,2.95,D
12.85833,79.94445,333.53,0.38,0.36,2026-09-16,809,N,VIIRS,n,2.0NRT,303.38,3.78,D
12.87986,79.90807,336.19,0.38,0.36,2026-09-16,809,N,VIIRS,n,2.0NRT,305.99,6.6,D
12.90249,79.90087,333.48,0.38,0.36,2026-09-16,809,N,VIIRS,l,2.0NRT,306.91,4.88,D
12.98208,80.0002,331.36,0.38,0.36,2026-09-16,809,N,VIIRS,l,2.0NRT,304.69,2.3,D
13.0316,76.11507,330.22,0.49,0.4,2026-09-16,809,N,VIIRS,l,2.0NRT,302.69,4.8,D
13.43832,79.71164,331.64,0.38,0.36,2026-09-16,809,N,VIIRS,l,2.0NRT,303.57,4.06,D
13.48112,78.97852,336.22,0.39,0.36,2026-09-16,809,N,VIIRS,n,2.0NRT,297.64,1.94,D
13.57117,79.69406,331.49,0.38,0.36,2026-09-16,809,N,VIIRS,l,2.0NRT,302.88,2.41,D
13.65174,76.52674,338.53,0.46,0.39,2026-09-16,809,N,VIIRS,n,2.0NRT,300.26,3.52,D
13.67833,79.60012,336.71,0.38,0.36,2026-09-16,809,N,VIIRS,n,2.0NRT,305.53,5.57,D
13.82196,79.63383,335.88,0.38,0.36,2026-09-16,809,N,VIIRS,n,2.0NRT,305.12,5.69,D
14.1287,79.75809,332,0.38,0.36,2026-09-16,809,N,VIIRS,l,2.0NRT,303.1,3.35,D
14.38803,77.74513,334.31,0.41,0.37,2026-09-16,809,N,VIIRS,l,2.0NRT,301.14,4.07,D
15.05126,79.73014,337.98,0.39,0.36,2026-09-16,809,N,VIIRS,n,2.0NRT,305.06,5.02,D
15.17474,76.65694,336.59,0.44,0.38,2026-09-16,809,N,VIIRS,l,2.0NRT,306.73,6.22,D
15.18322,76.64294,340.89,0.44,0.38,2026-09-16,809,N,VIIRS,l,2.0NRT,304.23,6.02,D
15.24818,75.19145,332.29,0.51,0.41,2026-09-16,809,N,VIIRS,n,2.0NRT,297.84,3.02,D
15.24926,75.19452,330.95,0.51,0.41,2026-09-16,809,N,VIIRS,l,2.0NRT,298.74,3.49,D
15.63841,78.10263,333.16,0.39,0.36,2026-09-16,809,N,VIIRS,n,2.0NRT,301.14,4,D
15.82627,80.05234,345.32,0.39,0.36,2026-09-16,809,N,VIIRS,n,2.0NRT,304.44,5.21,D
15.83647,79.50893,340.87,0.38,0.36,2026-09-16,809,N,VIIRS,n,2.0NRT,306.71,5.83,D
15.86686,79.89035,348.83,0.39,0.36,2026-09-16,809,N,VIIRS,n,2.0NRT,305.99,10.09,D
15.87144,80.60111,337.37,0.4,0.37,2026-09-16,809,N,VIIRS,n,2.0NRT,304.36,3.2,D
16.5696,75.22845,334.66,0.49,0.4,2026-09-16,809,N,VIIRS,l,2.0NRT,305.08,16.85,D
16.71376,79.56265,346.19,0.39,0.36,2026-09-16,809,N,VIIRS,n,2.0NRT,303.1,5.28,D
16.80981,80.20505,330.39,0.4,0.37,2026-09-16,809,N,VIIRS,l,2.0NRT,301.62,4.55,D
16.81149,80.20468,331.81,0.4,0.37,2026-09-16,809,N,VIIRS,n,2.0NRT,300.89,4.09,D
16.85604,79.14082,332.95,0.38,0.36,2026-09-16,809,N,VIIRS,l,2.0NRT,303.83,1.37,D
17.04335,80.70287,334.67,0.41,0.37,2026-09-16,809,N,VIIRS,n,2.0NRT,300.52,2.58,D
17.05987,80.1198,332.97,0.4,0.37,2026-09-16,809,N,VIIRS,n,2.0NRT,300.19,2.59,D
17.14139,80.77789,330.39,0.41,0.37,2026-09-16,809,N,VIIRS,n,2.0NRT,298.65,2.05,D
17.58362,75.70586,333.38,0.45,0.39,2026-09-16,809,N,VIIRS,l,2.0NRT,301.8,6.18,D
18.30667,79.47578,330.51,0.39,0.36,2026-09-16,809,N,VIIRS,n,2.0NRT,299.71,2.59,D
18.05582,75.26559,344.31,0.47,0.39,2026-09-16,811,N,VIIRS,n,2.0NRT,301.37,4.1,D
18.6819,73.03521,333.12,0.4,0.44,2026-09-16,811,N,VIIRS,n,2.0NRT,292.08,4.5,D
19.91829,74.21223,339.65,0.5,0.41,2026-09-16,811,N,VIIRS,n,2.0NRT,298.09,8.38,D
20.69658,78.63722,330.03,0.39,0.36,2026-09-16,811,N,VIIRS,l,2.0NRT,304.32,2.59,D
20.79536,85.25188,330.11,0.52,0.5,2026-09-16,811,N,VIIRS,n,2.0NRT,291.5,3.29,D
20.88488,84.98148,333.65,0.5,0.49,2026-09-16,811,N,VIIRS,n,2.0NRT,295.07,4.26,D
20.88672,84.98424,341.92,0.5,0.49,2026-09-16,811,N,VIIRS,n,2.0NRT,294.99,7.3,D
20.96785,85.17305,342.26,0.51,0.49,2026-09-16,811,N,VIIRS,n,2.0NRT,297.43,8.52,D
21.33731,78.96886,330.67,0.39,0.36,2026-09-16,811,N,VIIRS,n,2.0NRT,298.62,3.54,D
21.67842,84.03878,336.05,0.44,0.46,2026-09-16,811,N,VIIRS,n,2.0NRT,298.46,7.96,D
21.74078,83.84452,331.02,0.43,0.46,2026-09-16,811,N,VIIRS,n,2.0NRT,298.81,5.96,D
21.74503,83.844,339.95,0.43,0.46,2026-09-16,811,N,VIIRS,n,2.0NRT,298.95,7.48,D
21.74927,83.84347,346.49,0.43,0.46,2026-09-16,811,N,VIIRS,n,2.0NRT,298.88,7.48,D
21.75352,83.84294,338.32,0.43,0.46,2026-09-16,811,N,VIIRS,n,2.0NRT,299.21,3.22,D
21.75776,83.84239,331.62,0.43,0.46,2026-09-16,811,N,VIIRS,n,2.0NRT,297.03,3.22,D
21.75826,83.84662,336.06,0.43,0.46,2026-09-16,811,N,VIIRS,n,2.0NRT,298,8.52,D
21.763,83.85031,332.17,0.43,0.46,2026-09-16,811,N,VIIRS,n,2.0NRT,297,5.64,D
21.92159,83.34818,331.54,0.41,0.45,2026-09-16,811,N,VIIRS,n,2.0NRT,298.25,5.63,D
21.92207,83.35213,342.48,0.41,0.45,2026-09-16,811,N,VIIRS,n,2.0NRT,298.59,10.48,D
21.92476,83.33973,334.79,0.41,0.45,2026-09-16,811,N,VIIRS,n,2.0NRT,299.64,5.44,D
22.03979,83.72896,339.03,0.43,0.46,2026-09-16,811,N,VIIRS,n,2.0NRT,297.28,4.87,D
22.35761,82.30546,338.35,0.54,0.42,2026-09-16,811,N,VIIRS,n,2.0NRT,299.06,8.15,D
22.78692,86.20747,333.4,0.63,0.54,2026-09-16,811,N,VIIRS,n,2.0NRT,295.86,11.78,D
23.67685,86.39706,329.99,0.33,0.55,2026-09-16,811,N,VIIRS,n,2.0NRT,294.2,2.51,D
23.67715,86.40037,328.92,0.33,0.55,2026-09-16,811,N,VIIRS,n,2.0NRT,293.93,2.51,D
23.68198,86.39639,329.38,0.33,0.55,2026-09-16,811,N,VIIRS,n,2.0NRT,294.03,2.51,D
23.68524,86.39467,336.55,0.33,0.55,2026-09-16,811,N,VIIRS,n,2.0NRT,294.41,7.07,D
23.68681,86.39255,333.33,0.33,0.55,2026-09-16,811,N,VIIRS,n,2.0NRT,294.67,4.73,D
23.73745,86.43335,335.1,0.33,0.55,2026-09-16,811,N,VIIRS,n,2.0NRT,292.38,3.56,D
23.77765,86.21114,349.15,0.32,0.55,2026-09-16,811,N,VIIRS,n,2.0NRT,295.46,6.63,D
23.78103,86.21056,356.47,0.32,0.55,2026-09-16,811,N,VIIRS,n,2.0NRT,296.22,8.94,D
27.72097,68.09737,333.52,0.54,0.51,2026-09-16,813,N,VIIRS,n,2.0NRT,300.12,7.08,D
27.7227,68.09802,331.18,0.54,0.51,2026-09-16,813,N,VIIRS,n,2.0NRT,299.9,3.77,D
27.97973,69.00108,341.47,0.47,0.48,2026-09-16,813,N,VIIRS,n,2.0NRT,300.42,4.93,D
28.05136,69.37017,336.2,0.45,0.47,2026-09-16,813,N,VIIRS,n,2.0NRT,298.91,4.45,D
30.98641,74.78347,331.93,0.39,0.36,2026-09-16,813,N,VIIRS,n,2.0NRT,297.46,5.37,D
30.99784,74.74787,335.12,0.39,0.36,2026-09-16,813,N,VIIRS,n,2.0NRT,300.3,12.64,D
31.01441,74.44933,330.32,0.39,0.36,2026-09-16,813,N,VIIRS,n,2.0NRT,298.74,1.95,D
31.06881,74.55436,336.07,0.39,0.36,2026-09-16,813,N,VIIRS,n,2.0NRT,300.36,2.36,D
31.0802,74.51857,337.64,0.39,0.36,2026-09-16,813,N,VIIRS,n,2.0NRT,297.79,3.24,D
31.14556,75.06457,339.46,0.38,0.36,2026-09-16,813,N,VIIRS,n,2.0NRT,297.5,4.48,D
31.34922,74.54587,334.97,0.39,0.36,2026-09-16,813,N,VIIRS,n,2.0NRT,298.14,2.6,D
31.35252,74.54516,335.9,0.39,0.36,2026-09-16,813,N,VIIRS,n,2.0NRT,301.32,3.56,D
31.49055,74.60322,331.54,0.39,0.36,2026-09-16,813,N,VIIRS,n,2.0NRT,295.54,3.5,D
31.57678,75.11276,337.43,0.38,0.36,2026-09-16,813,N,VIIRS,n,2.0NRT,302.35,4.91,D
31.62166,75.02859,334.12,0.38,0.36,2026-09-16,813,N,VIIRS,n,2.0NRT,300.32,1.86,D
31.89338,73.83569,347.49,0.39,0.36,2026-09-16,813,N,VIIRS,n,2.0NRT,301.27,5.58,D
34.00336,75.5161,332.88,0.39,0.36,2026-09-16,816,N,VIIRS,n,2.0NRT,299.09,10.19,D
34.45443,74.24952,338.52,0.38,0.36,2026-09-16,816,N,VIIRS,n,2.0NRT,300.74,6.18,D
35.43597,73.60113,336.77,0.38,0.36,2026-09-16,816,N,VIIRS,n,2.0NRT,298.77,4.43,D
30.0696,96.98023,301.04,0.54,0.51,2026-09-16,1858,N,VIIRS,n,2.0NRT,284.06,1.79,N
21.8812,88.16744,310.53,0.77,0.77,2026-09-16,1900,N,VIIRS,n,2.0NRT,283.74,2.55,N
21.88284,88.16669,306.22,0.77,0.77,2026-09-16,1900,N,VIIRS,n,2.0NRT,284.03,1.98,N
22.0548,88.12333,302.18,0.77,0.78,2026-09-16,1900,N,VIIRS,n,2.0NRT,275.85,1.99,N
22.35476,96.70123,303.88,0.45,0.47,2026-09-16,1900,N,VIIRS,n,2.0NRT,281.19,1.32,N
22.35637,96.70381,300.73,0.45,0.47,2026-09-16,1900,N,VIIRS,n,2.0NRT,281.53,1.94,N
36.99968,80.19336,299.59,0.4,0.37,2026-09-16,2036,N,VIIRS,n,2.0NRT,289.26,0.98,N
28.74295,76.9282,303.08,0.42,0.38,2026-09-16,2038,N,VIIRS,n,2.0NRT,284.69,0.7,N
28.83548,77.14072,297.75,0.42,0.37,2026-09-16,2038,N,VIIRS,n,2.0NRT,269.19,0.28,N
35.96809,68.6856,303.07,0.45,0.63,2026-09-16,2038,N,VIIRS,n,2.0NRT,287.44,0.72,N
20.26019,86.60262,308.09,0.35,0.57,2026-09-16,2040,N,VIIRS,n,2.0NRT,286.89,0.99,N
20.70125,78.62218,306.59,0.4,0.37,2026-09-16,2040,N,VIIRS,n,2.0NRT,293.59,1.2,N
20.7046,78.6228,306.08,0.4,0.37,2026-09-16,2040,N,VIIRS,n,2.0NRT,293.67,1.07,N
20.79671,85.25403,303.73,0.56,0.51,2026-09-16,2040,N,VIIRS,n,2.0NRT,287.43,1.73,N
20.86486,84.99007,316.5,0.54,0.51,2026-09-16,2040,N,VIIRS,n,2.0NRT,287.06,2.39,N
20.86736,84.99375,304.84,0.54,0.5,2026-09-16,2040,N,VIIRS,n,2.0NRT,287.31,1.68,N
20.86847,84.98844,307.03,0.54,0.5,2026-09-16,2040,N,VIIRS,n,2.0NRT,287.16,1.68,N
20.86948,84.99106,306.13,0.54,0.51,2026-09-16,2040,N,VIIRS,n,2.0NRT,287.45,2.39,N
20.88434,84.98166,308.54,0.53,0.5,2026-09-16,2040,N,VIIRS,n,2.0NRT,286.48,2.03,N
20.88528,84.98427,321.6,0.54,0.5,2026-09-16,2040,N,VIIRS,n,2.0NRT,286.74,2.64,N
20.88892,84.98279,313.09,0.53,0.5,2026-09-16,2040,N,VIIRS,n,2.0NRT,286.23,2.28,N
20.95571,85.00945,304.3,0.54,0.5,2026-09-16,2040,N,VIIRS,n,2.0NRT,285.62,1.71,N
20.9613,85.17358,307.5,0.55,0.51,2026-09-16,2040,N,VIIRS,n,2.0NRT,286.37,1.77,N
20.96234,85.16837,309.52,0.55,0.51,2026-09-16,2040,N,VIIRS,n,2.0NRT,286.59,2.93,N
20.96353,85.16985,311.16,0.55,0.51,2026-09-16,2040,N,VIIRS,n,2.0NRT,286.29,3.68,N
20.96461,85.16467,311.94,0.55,0.51,2026-09-16,2040,N,VIIRS,n,2.0NRT,286.5,2.84,N
20.96491,85.18665,325.75,0.55,0.51,2026-09-16,2040,N,VIIRS,n,2.0NRT,285.6,2.51,N
20.966,85.1814,304.35,0.55,0.51,2026-09-16,2040,N,VIIRS,n,2.0NRT,285.45,2.51,N
20.96678,85.1543,305.5,0.55,0.51,2026-09-16,2040,N,VIIRS,n,2.0NRT,286.45,1.9,N
20.96709,85.17618,310.01,0.55,0.51,2026-09-16,2040,N,VIIRS,n,2.0NRT,286.15,2.17,N
20.96817,85.17097,319.67,0.55,0.51,2026-09-16,2040,N,VIIRS,n,2.0NRT,286.2,2.17,N
20.97173,85.1773,311.04,0.55,0.51,2026-09-16,2040,N,VIIRS,n,2.0NRT,285.71,2.17,N
20.9728,85.17211,311.7,0.55,0.51,2026-09-16,2040,N,VIIRS,n,2.0NRT,286.13,2.17,N
20.97744,85.17324,310.57,0.55,0.51,2026-09-16,2040,N,VIIRS,n,2.0NRT,285.88,1.56,N
20.97851,85.16806,306.29,0.55,0.51,2026-09-16,2040,N,VIIRS,n,2.0NRT,285.98,1.79,N
20.98036,85.13575,310.1,0.54,0.51,2026-09-16,2040,N,VIIRS,n,2.0NRT,287.09,3.48,N
21.07667,85.03596,306.02,0.53,0.5,2026-09-16,2040,N,VIIRS,n,2.0NRT,286.77,3.39,N
21.07738,85.03967,306.98,0.53,0.5,2026-09-16,2040,N,VIIRS,n,2.0NRT,286.59,1.76,N
21.07841,85.03456,307.67,0.53,0.5,2026-09-16,2040,N,VIIRS,n,2.0NRT,286.76,1.76,N
21.18694,81.39231,308.48,0.49,0.4,2026-09-16,2040,N,VIIRS,n,2.0NRT,292.72,2.36,N
21.19374,81.41823,311.61,0.49,0.41,2026-09-16,2040,N,VIIRS,n,2.0NRT,291.47,0.65,N
21.23205,79.62885,308.2,0.42,0.37,2026-09-16,2040,N,VIIRS,n,2.0NRT,293.21,1.81,N
21.23264,79.63024,316.03,0.42,0.37,2026-09-16,2040,N,VIIRS,n,2.0NRT,293.69,2.78,N
21.23548,79.62951,313.84,0.42,0.37,2026-09-16,2040,N,VIIRS,n,2.0NRT,293.35,1.81,N
21.24077,79.22945,309.68,0.41,0.37,2026-09-16,2040,N,VIIRS,n,2.0NRT,293.2,1.57,N
21.24547,79.22234,314.15,0.41,0.37,2026-09-16,2040,N,VIIRS,n,2.0NRT,293.56,1.59,N
21.24744,79.21069,307.87,0.41,0.37,2026-09-16,2040,N,VIIRS,n,2.0NRT,292.25,0.76,N
21.30923,81.59255,310.77,0.5,0.41,2026-09-16,2040,N,VIIRS,n,2.0NRT,291.96,1.18,N
21.33662,78.96928,326.27,0.4,0.37,2026-09-16,2040,N,VIIRS,n,2.0NRT,293.87,2.8,N
21.34651,81.66743,313.63,0.51,0.41,2026-09-16,2040,N,VIIRS,n,2.0NRT,291.47,1.98,N
21.37555,81.67852,310.47,0.51,0.41,2026-09-16,2040,N,VIIRS,n,2.0NRT,291.81,2.28,N
21.37929,81.67932,307.42,0.51,0.41,2026-09-16,2040,N,VIIRS,n,2.0NRT,291.54,2.28,N
21.38918,81.64635,307.95,0.5,0.41,2026-09-16,2040,N,VIIRS,n,2.0NRT,291.66,2.4,N
21.48705,81.76936,310.56,0.51,0.41,2026-09-16,2040,N,VIIRS,n,2.0NRT,291.65,3.28,N
21.67333,82.08327,307.19,0.52,0.42,2026-09-16,2040,N,VIIRS,n,2.0NRT,291.37,0.99,N
21.67427,82.07825,310.26,0.52,0.42,2026-09-16,2040,N,VIIRS,n,2.0NRT,291.59,0.99,N
21.68009,84.04137,313.26,0.45,0.47,2026-09-16,2040,N,VIIRS,n,2.0NRT,290.69,4.15,N
21.68094,84.03707,308.2,0.45,0.47,2026-09-16,2040,N,VIIRS,n,2.0NRT,290.44,4.18,N
21.74161,83.84083,315.04,0.44,0.46,2026-09-16,2040,N,VIIRS,n,2.0NRT,291.44,3.5,N
21.74582,83.84184,330.08,0.44,0.46,2026-09-16,2040,N,VIIRS,n,2.0NRT,291.64,5.32,N
21.75002,83.84284,337.87,0.44,0.46,2026-09-16,2040,N,VIIRS,n,2.0NRT,291.88,5.32,N
21.75422,83.84384,328.7,0.44,0.46,2026-09-16,2040,N,VIIRS,n,2.0NRT,291.59,3.61,N
21.75729,83.84709,307.64,0.44,0.46,2026-09-16,2040,N,VIIRS,n,2.0NRT,290.58,2.31,N
21.75814,83.84288,325.56,0.44,0.46,2026-09-16,2040,N,VIIRS,n,2.0NRT,291.51,2.31,N
21.75843,83.84481,321.94,0.44,0.46,2026-09-16,2040,N,VIIRS,n,2.0NRT,291.38,3.61,N
21.7615,83.84806,331.42,0.44,0.46,2026-09-16,2040,N,VIIRS,n,2.0NRT,291.33,2.31,N
21.76182,83.85001,319.45,0.44,0.46,2026-09-16,2040,N,VIIRS,n,2.0NRT,290.85,3.19,N
21.76213,84.02171,309.96,0.45,0.47,2026-09-16,2040,N,VIIRS,n,2.0NRT,291.16,3.71,N
21.76235,83.84384,305.24,0.44,0.46,2026-09-16,2040,N,VIIRS,n,2.0NRT,290.48,2.31,N
21.76264,83.84577,321.76,0.44,0.46,2026-09-16,2040,N,VIIRS,n,2.0NRT,290.69,3.19,N
21.76571,83.84904,313.57,0.44,0.46,2026-09-16,2040,N,VIIRS,n,2.0NRT,290.83,1.94,N
21.76724,84.01838,320.2,0.45,0.47,2026-09-16,2040,N,VIIRS,n,2.0NRT,291.45,4.18,N
21.8022,82.03944,311.42,0.52,0.42,2026-09-16,2040,N,VIIRS,n,2.0NRT,291.42,1.64,N
21.85993,83.96577,304.28,0.44,0.46,2026-09-16,2040,N,VIIRS,n,2.0NRT,289.85,0.5,N
21.9196,83.35368,309.51,0.41,0.45,2026-09-16,2040,N,VIIRS,n,2.0NRT,291.17,1.22,N
21.92036,83.34976,319.31,0.41,0.45,2026-09-16,2040,N,VIIRS,n,2.0NRT,292.27,2.79,N
21.92472,85.22459,300.56,0.53,0.5,2026-09-16,2040,N,VIIRS,n,2.0NRT,271.17,1.39,N
21.92587,85.22319,299.91,0.53,0.5,2026-09-16,2040,N,VIIRS,n,2.0NRT,270.79,0.96,N
21.93038,85.2205,298.26,0.53,0.5,2026-09-16,2040,N,VIIRS,n,2.0NRT,271.79,1.34,N
21.93044,85.22426,297.67,0.53,0.5,2026-09-16,2040,N,VIIRS,n,2.0NRT,271.84,0.96,N
21.96386,83.77377,311.7,0.43,0.46,2026-09-16,2040,N,VIIRS,n,2.0NRT,290.57,1.99,N
21.98478,83.2346,316.29,0.4,0.44,2026-09-16,2040,N,VIIRS,n,2.0NRT,291.41,2.69,N
22.00566,82.67021,315.19,0.56,0.43,2026-09-16,2040,N,VIIRS,n,2.0NRT,291.4,3.53,N
22.01616,83.75363,316.37,0.43,0.46,2026-09-16,2040,N,VIIRS,n,2.0NRT,290.78,2.52,N
22.03679,83.35375,307.86,0.41,0.45,2026-09-16,2040,N,VIIRS,n,2.0NRT,291.24,1.86,N
22.03754,83.34983,312.97,0.41,0.45,2026-09-16,2040,N,VIIRS,n,2.0NRT,290.76,1.38,N
22.03772,83.73272,305.26,0.43,0.46,2026-09-16,2040,N,VIIRS,n,2.0NRT,290.46,1.08,N
22.03853,83.72861,308.86,0.43,0.46,2026-09-16,2040,N,VIIRS,n,2.0NRT,290.61,1.08,N
22.04268,83.72959,310.07,0.43,0.46,2026-09-16,2040,N,VIIRS,n,2.0NRT,290.42,1.88,N
22.05186,88.12296,302.79,0.4,0.6,2026-09-16,2040,N,VIIRS,n,2.0NRT,275.18,0.9,N
22.05262,88.12322,303.93,0.4,0.6,2026-09-16,2040,N,VIIRS,n,2.0NRT,274.83,1.82,N
22.05596,85.46424,299.35,0.54,0.51,2026-09-16,2040,N,VIIRS,n,2.0NRT,283.15,0.44,N
22.0573,88.12438,304.38,0.4,0.6,2026-09-16,2040,N,VIIRS,n,2.0NRT,276.94,1.3,N
22.06494,83.70469,306.09,0.43,0.46,2026-09-16,2040,N,VIIRS,n,2.0NRT,289.65,0.82,N
22.09053,83.11774,305.04,0.39,0.44,2026-09-16,2040,N,VIIRS,n,2.0NRT,290.52,0.78,N
22.10584,83.12509,310.18,0.39,0.44,2026-09-16,2040,N,VIIRS,n,2.0NRT,290.88,1.39,N
22.13421,85.38097,302.63,0.54,0.51,2026-09-16,2040,N,VIIRS,n,2.0NRT,285.89,1.7,N
22.2051,84.84811,316.44,0.5,0.49,2026-09-16,2040,N,VIIRS,n,2.0NRT,289.28,2.76,N
22.20692,84.85046,314.1,0.5,0.49,2026-09-16,2040,N,VIIRS,n,2.0NRT,289.27,2.69,N
22.20939,84.861,306.68,0.5,0.49,2026-09-16,2040,N,VIIRS,n,2.0NRT,289.88,2.34,N
22.20976,84.55068,305.99,0.47,0.48,2026-09-16,2040,N,VIIRS,n,2.0NRT,289.76,1.23,N
22.21112,84.86451,304.6,0.5,0.49,2026-09-16,2040,N,VIIRS,n,2.0NRT,289.53,3.51,N
22.21873,84.75699,305.61,0.49,0.48,2026-09-16,2040,N,VIIRS,n,2.0NRT,289.15,2.07,N
22.22408,84.75336,304.72,0.49,0.48,2026-09-16,2040,N,VIIRS,n,2.0NRT,289.34,2.19,N
22.26511,75.13223,309.6,0.43,0.38,2026-09-16,2040,N,VIIRS,n,2.0NRT,292.41,1.57,N
22.26526,75.13476,306.64,0.43,0.38,2026-09-16,2040,N,VIIRS,n,2.0NRT,292.5,1.52,N
22.31482,82.53086,309.31,0.54,0.42,2026-09-16,2040,N,VIIRS,n,2.0NRT,290.83,2.42,N
22.32054,82.56478,306.76,0.54,0.42,2026-09-16,2040,N,VIIRS,n,2.0NRT,291.24,3.34,N
22.32377,82.58978,310.57,0.55,0.42,2026-09-16,2040,N,VIIRS,n,2.0NRT,290.78,1.25,N
22.32435,82.58759,308.05,0.55,0.42,2026-09-16,2040,N,VIIRS,n,2.0NRT,290.27,2.26,N
22.35703,82.30431,331.4,0.53,0.42,2026-09-16,2040,N,VIIRS,n,2.0NRT,291.9,2.55,N
22.35798,82.29924,313.12,0.53,0.42,2026-09-16,2040,N,VIIRS,n,2.0NRT,290.35,2.55,N
22.36085,82.30511,305.9,0.53,0.42,2026-09-16,2040,N,VIIRS,n,2.0NRT,291.17,2.55,N
22.36179,82.30003,317.39,0.53,0.42,2026-09-16,2040,N,VIIRS,n,2.0NRT,291.28,2.55,N
22.3639,87.30236,295.49,0.35,0.57,2026-09-16,2040,N,VIIRS,n,2.0NRT,269.4,0.48,N
22.36465,87.299,295.43,0.35,0.57,2026-09-16,2040,N,VIIRS,n,2.0NRT,269.52,0.78,N
22.37943,87.28146,302.16,0.35,0.57,2026-09-16,2040,N,VIIRS,n,2.0NRT,268.14,0.69,N
22.38017,87.27811,305.21,0.35,0.57,2026-09-16,2040,N,VIIRS,n,2.0NRT,268.56,0.69,N
22.57617,85.89533,299.87,0.57,0.52,2026-09-16,2040,N,VIIRS,n,2.0NRT,281.33,1.39,N
22.79641,86.21063,309.44,0.59,0.52,2026-09-16,2040,N,VIIRS,n,2.0NRT,265.13,3.97,N
22.7976,86.09148,303.82,0.58,0.52,2026-09-16,2040,N,VIIRS,n,2.0NRT,277.76,1.33,N
22.79765,86.20492,325.5,0.58,0.52,2026-09-16,2040,N,VIIRS,n,2.0NRT,266.13,3.97,N
22.79778,86.20975,330.84,0.59,0.53,2026-09-16,2040,N,VIIRS,n,2.0NRT,265.4,4.17,N
22.79898,86.20404,298.97,0.59,0.52,2026-09-16,2040,N,VIIRS,n,2.0NRT,266.56,3.49,N
23.16358,82.33712,317.17,0.51,0.41,2026-09-16,2040,N,VIIRS,n,2.0NRT,290.2,2.33,N
23.1664,82.34291,329.66,0.51,0.41,2026-09-16,2040,N,VIIRS,n,2.0NRT,291.01,3.78,N
23.16735,82.33791,312.04,0.51,0.41,2026-09-16,2040,N,VIIRS,n,2.0NRT,290.74,1.76,N
23.64605,85.43977,302.95,0.51,0.49,2026-09-16,2040,N,VIIRS,n,2.0NRT,287.74,0.68,N
23.65157,85.43586,302.05,0.5,0.49,2026-09-16,2040,N,VIIRS,n,2.0NRT,287.59,0.71,N
23.65508,85.5093,303.78,0.51,0.49,2026-09-16,2040,N,VIIRS,n,2.0NRT,287.88,1.66,N
23.67485,86.40094,297.12,0.58,0.52,2026-09-16,2040,N,VIIRS,n,2.0NRT,270.28,1.57,N
23.67607,86.39529,300.9,0.58,0.52,2026-09-16,2040,N,VIIRS,n,2.0NRT,270.63,1.54,N
23.67663,86.08681,302.97,0.55,0.51,2026-09-16,2040,N,VIIRS,n,2.0NRT,280.09,1.13,N
23.68015,86.09339,300.76,0.55,0.51,2026-09-16,2040,N,VIIRS,n,2.0NRT,279.5,1.68,N
23.68083,86.39639,301.16,0.58,0.52,2026-09-16,2040,N,VIIRS,n,2.0NRT,271.09,1.54,N
23.68678,86.39201,302.77,0.58,0.52,2026-09-16,2040,N,VIIRS,n,2.0NRT,271.09,2.09,N
23.6936,85.36913,307.76,0.5,0.49,2026-09-16,2040,N,VIIRS,n,2.0NRT,287.79,1.29,N
23.69628,85.28864,305.97,0.49,0.49,2026-09-16,2040,N,VIIRS,n,2.0NRT,288.36,1.29,N
23.69806,85.37019,308.27,0.5,0.49,2026-09-16,2040,N,VIIRS,n,2.0NRT,287.85,1.29,N
23.69858,86.07553,309.53,0.55,0.51,2026-09-16,2040,N,VIIRS,n,2.0NRT,279.7,1.8,N
23.7002,86.07713,307.51,0.55,0.51,2026-09-16,2040,N,VIIRS,n,2.0NRT,279.94,1.68,N
23.71041,86.44525,297.31,0.58,0.52,2026-09-16,2040,N,VIIRS,n,2.0NRT,266.26,1.08,N
23.71398,86.45204,296.36,0.58,0.52,2026-09-16,2040,N,VIIRS,n,2.0NRT,265.53,1.18,N
23.72227,85.00774,303.23,0.47,0.48,2026-09-16,2040,N,VIIRS,n,2.0NRT,288.33,0.73,N
23.73638,86.43475,307.43,0.58,0.52,2026-09-16,2040,N,VIIRS,n,2.0NRT,267.66,1.54,N
23.73776,86.4343,306.78,0.58,0.52,2026-09-16,2040,N,VIIRS,n,2.0NRT,267.39,2.17,N
23.74064,85.00724,303.67,0.47,0.48,2026-09-16,2040,N,VIIRS,n,2.0NRT,289.12,1.19,N
23.75813,85.85296,306.16,0.53,0.5,2026-09-16,2040,N,VIIRS,n,2.0NRT,284.97,2.07,N
23.77504,86.21003,302.33,0.56,0.51,2026-09-16,2040,N,VIIRS,n,2.0NRT,277.48,2.95,N
23.7752,86.21107,299.79,0.56,0.51,2026-09-16,2040,N,VIIRS,n,2.0NRT,277.57,1.71,N
23.77628,85.9952,300.43,0.54,0.51,2026-09-16,2040,N,VIIRS,n,2.0NRT,282.58,0.92,N
23.77914,85.57248,307.55,0.51,0.49,2026-09-16,2040,N,VIIRS,n,2.0NRT,288.08,2.22,N
23.77974,86.2111,323.79,0.56,0.51,2026-09-16,2040,N,VIIRS,n,2.0NRT,278.6,2.95,N
23.77989,86.21216,319.15,0.56,0.51,2026-09-16,2040,N,VIIRS,n,2.0NRT,277.91,1.71,N
23.78107,86.20674,304.45,0.56,0.51,2026-09-16,2040,N,VIIRS,n,2.0NRT,278.35,3.74,N
23.78779,85.5535,320.64,0.51,0.49,2026-09-16,2040,N,VIIRS,n,2.0NRT,288.23,2.54,N
23.80972,84.84702,302.33,0.46,0.47,2026-09-16,2040,N,VIIRS,n,2.0NRT,287.18,0.74,N
23.82449,85.49656,303.5,0.51,0.49,2026-09-16,2040,N,VIIRS,n,2.0NRT,289.1,2,N
24.16422,82.62969,308.2,0.51,0.41,2026-09-16,2040,N,VIIRS,n,2.0NRT,290.13,1.19,N
24.19693,80.79787,304.74,0.43,0.38,2026-09-16,2040,N,VIIRS,n,2.0NRT,291.36,0.55,N
24.76189,74.60881,305.88,0.48,0.4,2026-09-16,2040,N,VIIRS,n,2.0NRT,290.44,0.65,N
24.76556,74.60939,305.57,0.48,0.4,2026-09-16,2040,N,VIIRS,n,2.0NRT,291.42,0.65,N
26.62989,79.53049,308.59,0.39,0.36,2026-09-16,2040,N,VIIRS,n,2.0NRT,295.3,0.59,N
26.64202,79.4771,312.81,0.39,0.36,2026-09-16,2040,N,VIIRS,n,2.0NRT,295.09,0.88,N
26.70116,77.84975,309.29,0.39,0.36,2026-09-16,2040,N,VIIRS,n,2.0NRT,295.92,1.61,N
26.70449,77.85036,307.49,0.39,0.36,2026-09-16,2040,N,VIIRS,n,2.0NRT,296.04,1.41,N
26.76108,83.19954,306.33,0.5,0.41,2026-09-16,2040,N,VIIRS,n,2.0NRT,293.73,2.28,N
28.34849,77.25659,311.47,0.41,0.37,2026-09-16,2040,N,VIIRS,n,2.0NRT,284.68,2.22,N
28.3737,77.227,306.19,0.41,0.37,2026-09-16,2040,N,VIIRS,n,2.0NRT,287.42,1.87,N
28.42511,69.69936,297.41,0.33,0.56,2026-09-16,2040,N,VIIRS,n,2.0NRT,273.8,0.99,N
15.11215,76.80591,303.17,0.39,0.36,2026-09-16,2042,N,VIIRS,n,2.0NRT,288.82,0.99,N
15.11606,76.80288,304.8,0.39,0.36,2026-09-16,2042,N,VIIRS,n,2.0NRT,289.66,1.31,N
15.17315,76.66125,308.75,0.39,0.36,2026-09-16,2042,N,VIIRS,n,2.0NRT,288.76,1.26,N
15.17373,76.65767,305.27,0.39,0.36,2026-09-16,2042,N,VIIRS,n,2.0NRT,289.9,1.26,N
15.17431,76.65408,307.26,0.39,0.36,2026-09-16,2042,N,VIIRS,n,2.0NRT,289.78,1.85,N
15.17516,76.69111,321.17,0.39,0.36,2026-09-16,2042,N,VIIRS,n,2.0NRT,292.21,2.71,N
15.17705,76.65824,318.61,0.39,0.36,2026-09-16,2042,N,VIIRS,n,2.0NRT,291.16,1.26,N
15.17762,76.65465,320.2,0.39,0.36,2026-09-16,2042,N,VIIRS,n,2.0NRT,291.49,1.85,N
15.18253,76.66656,322.73,0.39,0.36,2026-09-16,2042,N,VIIRS,n,2.0NRT,292.39,3.79,N
15.18758,76.65636,312.35,0.39,0.36,2026-09-16,2042,N,VIIRS,n,2.0NRT,293.58,3.39,N
15.30143,76.2204,308.24,0.38,0.36,2026-09-16,2042,N,VIIRS,n,2.0NRT,292.23,0.82,N
15.30955,76.2547,306.86,0.38,0.36,2026-09-16,2042,N,VIIRS,n,2.0NRT,291.79,0.54,N
15.33536,76.2847,304.94,0.38,0.36,2026-09-16,2042,N,VIIRS,n,2.0NRT,292.11,1.17,N
15.33773,76.2485,305.93,0.38,0.36,2026-09-16,2042,N,VIIRS,n,2.0NRT,292.26,0.99,N
15.35812,76.71073,311.76,0.39,0.36,2026-09-16,2042,N,VIIRS,n,2.0NRT,291.95,0.97,N
15.68402,78.45842,307.56,0.42,0.38,2026-09-16,2042,N,VIIRS,n,2.0NRT,294.04,2.46,N
16.87278,80.02107,310.49,0.48,0.4,2026-09-16,2042,N,VIIRS,n,2.0NRT,293.75,3.75,N
17.06348,76.97945,315.91,0.39,0.36,2026-09-16,2042,N,VIIRS,n,2.0NRT,294.84,2.68,N
17.14627,78.22549,305.86,0.41,0.37,2026-09-16,2042,N,VIIRS,n,2.0NRT,292.31,0.77,N
17.37035,77.44593,305.98,0.39,0.36,2026-09-16,2042,N,VIIRS,n,2.0NRT,292.58,0.95,N
17.9577,80.79324,313.05,0.51,0.41,2026-09-16,2042,N,VIIRS,n,2.0NRT,285.55,3.22,N
18.72141,79.53712,307.09,0.44,0.38,2026-09-16,2042,N,VIIRS,n,2.0NRT,286.55,1.38,N
19.09188,82.17005,304.74,0.39,0.44,2026-09-16,2042,N,VIIRS,n,2.0NRT,289.25,1.22,N
19.09656,82.16724,311.1,0.39,0.44,2026-09-16,2042,N,VIIRS,n,2.0NRT,289.17,1.78,N
19.10054,82.16809,304.96,0.39,0.44,2026-09-16,2042,N,VIIRS,n,2.0NRT,288.71,0.9,N
19.10453,82.16895,305.96,0.39,0.44,2026-09-16,2042,N,VIIRS,n,2.0NRT,289.19,0.9,N
19.28004,71.42666,306.99,0.4,0.45,2026-09-16,2042,N,VIIRS,n,2.0NRT,291.27,2.74,N
19.4171,71.38929,314.03,0.41,0.45,2026-09-16,2042,N,VIIRS,n,2.0NRT,291.09,2.25,N
19.78615,79.14957,307.17,0.41,0.37,2026-09-16,2042,N,VIIRS,n,2.0NRT,293.95,0.85,N
19.96132,79.33545,309.1,0.42,0.38,2026-09-16,2042,N,VIIRS,n,2.0NRT,292.49,1.64,N
20.35746,72.95112,310.17,0.51,0.41,2026-09-16,2042,N,VIIRS,n,2.0NRT,290.57,0.73,N
21.10248,72.64323,304.86,0.54,0.42,2026-09-16,2042,N,VIIRS,n,2.0NRT,290.56,5.92,N
21.10314,72.63384,333.46,0.55,0.42,2026-09-16,2042,N,VIIRS,n,2.0NRT,292.01,19.9,N
21.10318,72.63799,326.28,0.54,0.42,2026-09-16,2042,N,VIIRS,n,2.0NRT,291.71,5.92,N
21.10388,72.63271,330.15,0.55,0.42,2026-09-16,2042,N,VIIRS,n,2.0NRT,290.73,12.4,N
21.10505,72.65024,305.8,0.54,0.42,2026-09-16,2042,N,VIIRS,n,2.0NRT,290.79,11.63,N
21.10572,72.64497,340.61,0.54,0.42,2026-09-16,2042,N,VIIRS,n,2.0NRT,292.51,11.63,N
21.10963,72.64555,306.28,0.54,0.42,2026-09-16,2042,N,VIIRS,n,2.0NRT,291.24,4.81,N
21.11097,72.63501,309.85,0.55,0.42,2026-09-16,2042,N,VIIRS,n,2.0NRT,291.62,5.53,N
13.39193,80.0769,309.79,0.54,0.42,2026-09-16,2044,N,VIIRS,n,2.0NRT,293.19,0.85,N
13.3958,80.07763,309.59,0.54,0.42,2026-09-16,2044,N,VIIRS,n,2.0NRT,293.28,0.99,N
13.89798,76.56422,306.05,0.39,0.36,2026-09-16,2044,N,VIIRS,n,2.0NRT,292.13,0.54,N
33.24478,71.52325,300.68,0.7,0.75,2026-09-16,2218,N,VIIRS,n,2.0NRT,286.06,0.65,N
33.24488,71.52091,306.82,0.7,0.75,2026-09-16,2218,N,VIIRS,n,2.0NRT,286.82,1.26,N
33.29369,71.18768,297.5,0.67,0.73,2026-09-16,2218,N,VIIRS,n,2.0NRT,286.06,0.61,N
35.96728,68.68533,297.6,0.42,0.61,2026-09-16,2218,N,VIIRS,n,2.0NRT,286.74,0.61,N
7.9664,79.94561,337.08,0.44,0.46,2026-09-17,750,N,VIIRS,n,2.0NRT,294.15,3.26,D
8.56332,77.68252,335.26,0.6,0.53,2026-09-17,750,N,VIIRS,n,2.0NRT,296.11,5.63,D
8.5661,77.67891,346.14,0.6,0.53,2026-09-17,750,N,VIIRS,n,2.0NRT,296.67,10.23,D
9.78933,80.15058,337.65,0.4,0.44,2026-09-17,750,N,VIIRS,n,2.0NRT,293.66,4.45,D
10.94808,77.369,332.82,0.58,0.52,2026-09-17,750,N,VIIRS,n,2.0NRT,292.75,2.59,D
11.70747,79.19976,330.48,0.43,0.46,2026-09-17,750,N,VIIRS,n,2.0NRT,298.27,1.48,D
11.84093,79.02319,332.41,0.43,0.46,2026-09-17,750,N,VIIRS,n,2.0NRT,297.32,2.79,D
11.84172,79.02304,330.67,0.44,0.46,2026-09-17,750,N,VIIRS,n,2.0NRT,297.19,2.11,D
14.0709,77.2552,337.19,0.52,0.5,2026-09-17,752,N,VIIRS,n,2.0NRT,300.64,5.6,D
14.11936,77.71715,331.89,0.48,0.48,2026-09-17,752,N,VIIRS,n,2.0NRT,300.8,6.82,D
14.34582,76.77034,338.34,0.55,0.51,2026-09-17,752,N,VIIRS,n,2.0NRT,299.74,5.57,D
14.34916,76.77248,335.54,0.55,0.51,2026-09-17,752,N,VIIRS,n,2.0NRT,299.7,7.92,D
14.4197,77.97533,337.35,0.46,0.47,2026-09-17,752,N,VIIRS,n,2.0NRT,301.6,3.45,D
14.47426,78.25214,345.76,0.44,0.46,2026-09-17,752,N,VIIRS,n,2.0NRT,302.58,7.33,D
14.63784,77.24184,342.1,0.51,0.49,2026-09-17,752,N,VIIRS,n,2.0NRT,301,6.26,D
15.22019,77.55892,348.38,0.47,0.48,2026-09-17,752,N,VIIRS,n,2.0NRT,302.14,9.7,D
15.28948,75.23705,333.78,0.33,0.56,2026-09-17,752,N,VIIRS,n,2.0NRT,298.47,2.24,D
15.57457,76.90315,331.92,0.51,0.5,2026-09-17,752,N,VIIRS,n,2.0NRT,299.62,3.25,D
15.71992,78.20345,337.01,0.42,0.45,2026-09-17,752,N,VIIRS,n,2.0NRT,301.75,5.11,D
15.72621,78.39029,342.11,0.41,0.45,2026-09-17,752,N,VIIRS,n,2.0NRT,300.53,5.89,D
15.90257,79.4185,333.26,0.54,0.42,2026-09-17,752,N,VIIRS,n,2.0NRT,301.62,2.37,D
16.13089,78.2978,343.56,0.41,0.45,2026-09-17,752,N,VIIRS,n,2.0NRT,297.81,5.16,D
16.46995,79.60595,334.17,0.51,0.41,2026-09-17,752,N,VIIRS,l,2.0NRT,300.73,8.74,D
16.7369,79.29222,336.26,0.53,0.42,2026-09-17,752,N,VIIRS,n,2.0NRT,302.01,3.89,D
17.69873,95.69556,328.23,0.55,0.68,2026-09-17,752,N,VIIRS,n,2.0NRT,286.82,2.47,D
17.93264,82.01937,333.7,0.4,0.37,2026-09-17,752,N,VIIRS,n,2.0NRT,297.53,2.37,D
18.00865,83.52342,330.28,0.38,0.36,2026-09-17,752,N,VIIRS,n,2.0NRT,297.03,1.31,D
19.09782,82.16909,334.45,0.39,0.36,2026-09-17,752,N,VIIRS,n,2.0NRT,300.53,4.5,D
20.7945,85.25539,337.85,0.43,0.38,2026-09-17,752,N,VIIRS,n,2.0NRT,291.23,7.84,D
20.86482,84.98676,334.65,0.42,0.38,2026-09-17,752,N,VIIRS,n,2.0NRT,298.42,2.25,D
20.86884,84.99023,333.3,0.42,0.38,2026-09-17,752,N,VIIRS,n,2.0NRT,300.8,10.16,D
20.88555,84.98354,340.2,0.42,0.38,2026-09-17,752,N,VIIRS,n,2.0NRT,301.13,5.88,D
20.889,84.98299,338.03,0.42,0.38,2026-09-17,752,N,VIIRS,n,2.0NRT,300.29,5.88,D
20.97951,85.13586,334,0.43,0.38,2026-09-17,752,N,VIIRS,n,2.0NRT,299.68,4.58,D
21.91952,83.35139,344.18,0.39,0.36,2026-09-17,752,N,VIIRS,n,2.0NRT,301.07,6.34,D
21.92284,83.35082,349.35,0.39,0.36,2026-09-17,752,N,VIIRS,n,2.0NRT,298.66,6.34,D
21.9295,83.34969,329.08,0.39,0.36,2026-09-17,752,N,VIIRS,n,2.0NRT,298.31,4.95,D
21.98642,83.23223,329.86,0.39,0.36,2026-09-17,752,N,VIIRS,l,2.0NRT,300.43,3.12,D
22.05378,88.12634,339.82,0.41,0.45,2026-09-17,752,N,VIIRS,n,2.0NRT,294.62,3.6,D
22.37826,87.27721,333.28,0.55,0.43,2026-09-17,752,N,VIIRS,n,2.0NRT,296.35,8.13,D
22.37893,87.28261,333.14,0.55,0.43,2026-09-17,752,N,VIIRS,n,2.0NRT,297.42,8.99,D
21.10249,72.63689,367,0.38,0.59,2026-09-17,754,N,VIIRS,h,2.0NRT,292.62,9.37,D
21.10482,72.64775,343.6,0.38,0.59,2026-09-17,754,N,VIIRS,n,2.0NRT,293.04,6.57,D
23.16455,82.33646,330.69,0.38,0.36,2026-09-17,754,N,VIIRS,n,2.0NRT,296.94,2.68,D
23.16512,82.34019,339.91,0.38,0.36,2026-09-17,754,N,VIIRS,n,2.0NRT,298.49,5.58,D
23.6779,86.08772,333.27,0.5,0.41,2026-09-17,754,N,VIIRS,n,2.0NRT,296.92,4.68,D
23.67882,86.39905,336.25,0.51,0.41,2026-09-17,754,N,VIIRS,n,2.0NRT,298.08,13.52,D
23.78114,86.20964,346.86,0.5,0.41,2026-09-17,754,N,VIIRS,n,2.0NRT,297.59,6.73,D
23.78183,86.21259,333.45,0.5,0.41,2026-09-17,754,N,VIIRS,n,2.0NRT,295.55,4.44,D
28.03819,69.67198,332.77,0.41,0.6,2026-09-17,756,N,VIIRS,n,2.0NRT,293.75,6.1,D
28.05055,69.3679,330.14,0.42,0.61,2026-09-17,756,N,VIIRS,n,2.0NRT,294.88,2.9,D
28.49409,69.28618,335.64,0.42,0.61,2026-09-17,756,N,VIIRS,n,2.0NRT,298.26,2.69,D
29.64009,91.29373,326.03,0.4,0.6,2026-09-17,756,N,VIIRS,l,2.0NRT,298.84,3.49,D
31.68462,72.19856,339.84,0.48,0.48,2026-09-17,756,N,VIIRS,n,2.0NRT,293.03,3.53,D
27.55297,68.30039,331.59,0.52,0.67,2026-09-17,937,N,VIIRS,n,2.0NRT,300.33,4.34,D
27.97435,69.00301,333.07,0.58,0.7,2026-09-17,937,N,VIIRS,n,2.0NRT,297.78,3.5,D
27.9747,69.00535,330.06,0.58,0.7,2026-09-17,937,N,VIIRS,n,2.0NRT,297.7,5.26,D
20.86695,96.39072,300.01,0.45,0.63,2026-09-17,1841,N,VIIRS,n,2.0NRT,275.08,0.64,N
33.81437,72.71983,301.95,0.48,0.64,2026-09-17,2017,N,VIIRS,n,2.0NRT,287.28,0.53,N
33.81553,72.71992,301.48,0.48,0.65,2026-09-17,2017,N,VIIRS,n,2.0NRT,287.61,0.9,N
24.66724,91.59554,310.44,0.59,0.53,2026-09-17,2019,N,VIIRS,n,2.0NRT,283.76,0.97,N
24.92962,84.148,307.83,0.39,0.36,2026-09-17,2019,N,VIIRS,n,2.0NRT,290.32,0.88,N
25.54002,91.23613,301.7,0.54,0.51,2026-09-17,2019,N,VIIRS,n,2.0NRT,284.95,0.76,N
26.75973,83.19985,314.71,0.39,0.36,2026-09-17,2019,N,VIIRS,n,2.0NRT,295.09,3.36,N
28.03721,69.66631,311.09,0.65,0.73,2026-09-17,2019,N,VIIRS,n,2.0NRT,281.44,2.22,N
29.22585,88.34896,295.18,0.48,0.4,2026-09-17,2019,N,VIIRS,n,2.0NRT,280.17,0.83,N
29.37393,91.15168,296.69,0.45,0.47,2026-09-17,2019,N,VIIRS,n,2.0NRT,279.91,1.53,N
29.91951,74.9534,303.76,0.32,0.55,2026-09-17,2019,N,VIIRS,n,2.0NRT,291.13,0.92,N
32.57627,72.56003,306.98,0.48,0.64,2026-09-17,2019,N,VIIRS,n,2.0NRT,290.86,1.56,N
32.57735,72.56294,302.33,0.48,0.64,2026-09-17,2019,N,VIIRS,n,2.0NRT,290.71,1.27,N
32.71838,72.77374,301.19,0.46,0.64,2026-09-17,2019,N,VIIRS,n,2.0NRT,288.24,0.54,N
32.88997,71.61622,301.89,0.54,0.68,2026-09-17,2019,N,VIIRS,n,2.0NRT,288.38,0.93,N
17.46283,80.65397,311.25,0.39,0.36,2026-09-17,2021,N,VIIRS,n,2.0NRT,286.5,1.18,N
17.60493,83.2,308.81,0.41,0.37,2026-09-17,2021,N,VIIRS,n,2.0NRT,293.27,1.38,N
17.60769,83.20445,308.38,0.41,0.37,2026-09-17,2021,N,VIIRS,n,2.0NRT,293.49,1.72,N
17.6111,83.20508,326.48,0.41,0.37,2026-09-17,2021,N,VIIRS,n,2.0NRT,294.23,1.72,N
17.62322,83.19546,307.19,0.41,0.37,2026-09-17,2021,N,VIIRS,n,2.0NRT,292.83,0.64,N
17.95519,80.79579,305.44,0.39,0.36,2026-09-17,2021,N,VIIRS,n,2.0NRT,289.4,1.03,N
17.95851,80.79635,314.21,0.39,0.36,2026-09-17,2021,N,VIIRS,n,2.0NRT,290.52,1.03,N
17.98388,80.8305,307.38,0.39,0.36,2026-09-17,2021,N,VIIRS,n,2.0NRT,291.49,1.37,N
18.61427,73.7197,318.38,0.57,0.52,2026-09-17,2021,N,VIIRS,n,2.0NRT,285.69,2.83,N
19.09667,82.16798,300.37,0.39,0.36,2026-09-17,2021,N,VIIRS,n,2.0NRT,263.78,0.27,N
19.09937,82.1678,297.32,0.39,0.36,2026-09-17,2021,N,VIIRS,n,2.0NRT,261.65,0.19,N
19.10099,73.0514,301.48,0.32,0.54,2026-09-17,2021,N,VIIRS,n,2.0NRT,288.78,0.7,N
19.10268,82.1684,295.79,0.39,0.36,2026-09-17,2021,N,VIIRS,n,2.0NRT,262.03,0.19,N
19.10327,82.16475,296.93,0.39,0.36,2026-09-17,2021,N,VIIRS,n,2.0NRT,261.98,0.17,N
19.93054,79.12032,302.94,0.44,0.38,2026-09-17,2021,N,VIIRS,n,2.0NRT,281.23,0.67,N
19.961,79.33565,304.99,0.43,0.38,2026-09-17,2021,N,VIIRS,n,2.0NRT,284.5,0.47,N
19.96102,79.33298,303.05,0.43,0.38,2026-09-17,2021,N,VIIRS,n,2.0NRT,284.91,0.88,N
20.12774,79.01972,308.61,0.44,0.39,2026-09-17,2021,N,VIIRS,n,2.0NRT,287.26,1.06,N
20.25925,86.60054,308.89,0.53,0.42,2026-09-17,2021,N,VIIRS,n,2.0NRT,284.13,1.61,N
20.53064,85.90511,303.84,0.49,0.4,2026-09-17,2021,N,VIIRS,n,2.0NRT,279.02,1.2,N
20.53433,85.90583,318.79,0.49,0.4,2026-09-17,2021,N,VIIRS,n,2.0NRT,279.27,2.14,N
20.77505,85.34147,305.13,0.46,0.39,2026-09-17,2021,N,VIIRS,n,2.0NRT,286.61,0.81,N
20.7846,85.2671,302.1,0.45,0.39,2026-09-17,2021,N,VIIRS,n,2.0NRT,283.09,0.81,N
20.78537,85.26277,312.81,0.45,0.39,2026-09-17,2021,N,VIIRS,n,2.0NRT,285.28,2.04,N
20.79403,85.25552,330.68,0.45,0.39,2026-09-17,2021,N,VIIRS,n,2.0NRT,291.07,7.72,N
20.80471,85.25769,311.72,0.45,0.39,2026-09-17,2021,N,VIIRS,n,2.0NRT,287.71,2.37,N
20.80827,85.25842,314.67,0.45,0.39,2026-09-17,2021,N,VIIRS,n,2.0NRT,291.11,2.37,N
20.86337,84.98667,323.73,0.44,0.38,2026-09-17,2021,N,VIIRS,n,2.0NRT,285.76,2.1,N
20.86614,84.99158,308.62,0.44,0.38,2026-09-17,2021,N,VIIRS,n,2.0NRT,282.6,1.53,N
20.88592,84.98248,309.23,0.44,0.38,2026-09-17,2021,N,VIIRS,n,2.0NRT,277.37,1.3,N
20.95123,86.04911,312.93,0.49,0.4,2026-09-17,2021,N,VIIRS,n,2.0NRT,289.59,2.53,N
20.95209,86.04438,321.14,0.49,0.4,2026-09-17,2021,N,VIIRS,n,2.0NRT,288.89,3.4,N
20.96189,85.17159,314.97,0.45,0.39,2026-09-17,2021,N,VIIRS,n,2.0NRT,287.65,1.98,N
20.96243,85.18944,332.24,0.45,0.39,2026-09-17,2021,N,VIIRS,n,2.0NRT,289.71,3.7,N
20.96262,86.00786,327.65,0.49,0.4,2026-09-17,2021,N,VIIRS,n,2.0NRT,287.65,4.62,N
20.96264,85.16731,317.13,0.45,0.39,2026-09-17,2021,N,VIIRS,n,2.0NRT,288.61,1.98,N
20.96319,85.18513,324.11,0.45,0.39,2026-09-17,2021,N,VIIRS,n,2.0NRT,288.13,3.7,N
20.96394,85.18085,305.88,0.45,0.39,2026-09-17,2021,N,VIIRS,n,2.0NRT,286.5,1.16,N
20.96468,85.17657,306.74,0.45,0.39,2026-09-17,2021,N,VIIRS,n,2.0NRT,286.41,1.16,N
20.96543,85.17232,308.7,0.45,0.39,2026-09-17,2021,N,VIIRS,n,2.0NRT,286.76,2.46,N
20.96544,86.01329,306.24,0.49,0.4,2026-09-17,2021,N,VIIRS,n,2.0NRT,287.52,1.49,N
20.96617,85.16805,311.08,0.45,0.39,2026-09-17,2021,N,VIIRS,n,2.0NRT,287.61,2.46,N
20.96714,86.00399,308.38,0.49,0.4,2026-09-17,2021,N,VIIRS,n,2.0NRT,287.77,2.2,N
20.96822,85.17728,311.77,0.45,0.39,2026-09-17,2021,N,VIIRS,n,2.0NRT,286.42,1.16,N
20.96827,86.01872,307.63,0.49,0.4,2026-09-17,2021,N,VIIRS,n,2.0NRT,288.29,1.49,N
20.9684,85.15527,300.53,0.45,0.39,2026-09-17,2021,N,VIIRS,n,2.0NRT,283.03,0.47,N
20.96897,85.17303,338.81,0.45,0.39,2026-09-17,2021,N,VIIRS,n,2.0NRT,288.7,2.46,N
20.96912,86.01407,317.46,0.49,0.4,2026-09-17,2021,N,VIIRS,n,2.0NRT,288.16,1.49,N
20.97082,86.00476,314.37,0.49,0.4,2026-09-17,2021,N,VIIRS,n,2.0NRT,287.52,2.2,N
20.97176,85.178,308.07,0.45,0.39,2026-09-17,2021,N,VIIRS,n,2.0NRT,287.42,0.87,N
20.9725,85.17376,306.76,0.45,0.39,2026-09-17,2021,N,VIIRS,n,2.0NRT,287.91,1.97,N
20.9745,86.00552,304.18,0.49,0.4,2026-09-17,2021,N,VIIRS,n,2.0NRT,287.05,1.5,N
20.97679,85.17021,321.55,0.45,0.39,2026-09-17,2021,N,VIIRS,n,2.0NRT,288.17,1.97,N
20.97919,85.1354,313.75,0.45,0.39,2026-09-17,2021,N,VIIRS,n,2.0NRT,288,2.41,N
21.10117,72.63416,347.21,0.36,0.57,2026-09-17,2021,N,VIIRS,n,2.0NRT,289.41,6.23,N
21.10167,72.6454,305.38,0.36,0.57,2026-09-17,2021,N,VIIRS,n,2.0NRT,289.03,1.57,N
21.10278,72.63486,350.06,0.36,0.57,2026-09-17,2021,N,VIIRS,n,2.0NRT,289.59,5.74,N
21.10547,72.64535,344.2,0.36,0.57,2026-09-17,2021,N,VIIRS,n,2.0NRT,290.06,7.41,N
21.1065,72.6348,304.79,0.36,0.57,2026-09-17,2021,N,VIIRS,n,2.0NRT,289.14,2.02,N
21.10699,72.64602,340.1,0.36,0.57,2026-09-17,2021,N,VIIRS,n,2.0NRT,290.47,6.14,N
21.1081,72.6355,313.63,0.36,0.57,2026-09-17,2021,N,VIIRS,n,2.0NRT,289.45,1.76,N
21.11183,72.63544,319.84,0.36,0.57,2026-09-17,2021,N,VIIRS,n,2.0NRT,289.3,2.02,N
21.11343,72.63612,310.65,0.36,0.57,2026-09-17,2021,N,VIIRS,n,2.0NRT,289.62,1.76,N
21.17959,81.38611,334.36,0.39,0.36,2026-09-17,2021,N,VIIRS,n,2.0NRT,293.22,2.74,N
21.18292,81.3867,334.71,0.39,0.36,2026-09-17,2021,N,VIIRS,n,2.0NRT,294,2.74,N
21.18349,81.38296,310.32,0.39,0.36,2026-09-17,2021,N,VIIRS,n,2.0NRT,292.6,2.74,N
21.18568,81.39101,311.59,0.39,0.36,2026-09-17,2021,N,VIIRS,n,2.0NRT,293.32,0.82,N
21.18625,81.38728,314.83,0.39,0.36,2026-09-17,2021,N,VIIRS,n,2.0NRT,292.36,1.6,N
21.18898,81.19984,307.1,0.39,0.36,2026-09-17,2021,N,VIIRS,n,2.0NRT,291.68,1.01,N
21.189,81.39159,308.81,0.39,0.36,2026-09-17,2021,N,VIIRS,n,2.0NRT,292.81,0.82,N
21.19233,81.39217,307.74,0.39,0.36,2026-09-17,2021,N,VIIRS,n,2.0NRT,292.15,1.16,N
21.19556,81.41569,329.5,0.39,0.36,2026-09-17,2021,N,VIIRS,n,2.0NRT,291.78,3.16,N
21.24864,79.20864,309.53,0.45,0.39,2026-09-17,2021,N,VIIRS,n,2.0NRT,290.14,3.82,N
21.29878,81.60506,307.41,0.39,0.36,2026-09-17,2021,N,VIIRS,n,2.0NRT,290.49,0.82,N
21.30612,81.57966,307.31,0.39,0.36,2026-09-17,2021,N,VIIRS,n,2.0NRT,290.83,0.24,N
21.31103,81.59196,311.6,0.39,0.36,2026-09-17,2021,N,VIIRS,n,2.0NRT,290.59,0.83,N
21.32329,81.57885,305.13,0.39,0.36,2026-09-17,2021,N,VIIRS,n,2.0NRT,290.36,0.49,N
21.33511,78.96634,318.19,0.46,0.39,2026-09-17,2021,N,VIIRS,n,2.0NRT,291.28,2.17,N
21.33811,78.97135,305.49,0.46,0.39,2026-09-17,2021,N,VIIRS,n,2.0NRT,290.74,1.47,N
21.34381,81.66635,307.15,0.39,0.36,2026-09-17,2021,N,VIIRS,n,2.0NRT,289.47,1.25,N
21.34631,81.66602,312.01,0.39,0.36,2026-09-17,2021,N,VIIRS,n,2.0NRT,289.57,1.51,N
21.36506,81.67696,305.68,0.39,0.36,2026-09-17,2021,N,VIIRS,n,2.0NRT,288.81,0.85,N
21.37055,81.44953,306.05,0.39,0.36,2026-09-17,2021,N,VIIRS,n,2.0NRT,289.6,0.43,N
21.37055,81.68555,309.9,0.39,0.36,2026-09-17,2021,N,VIIRS,n,2.0NRT,289.93,1.93,N
21.37501,81.67871,308.37,0.39,0.36,2026-09-17,2021,N,VIIRS,n,2.0NRT,290.84,1.59,N
21.37743,81.641,307.29,0.39,0.36,2026-09-17,2021,N,VIIRS,n,2.0NRT,290.13,1.25,N
21.37833,81.6793,310.5,0.39,0.36,2026-09-17,2021,N,VIIRS,n,2.0NRT,291.38,1.21,N
21.38177,81.65703,305.19,0.39,0.36,2026-09-17,2021,N,VIIRS,n,2.0NRT,288.54,1.04,N
21.39013,81.64706,310,0.39,0.36,2026-09-17,2021,N,VIIRS,n,2.0NRT,289.83,1.17,N
21.43239,72.97762,321.76,0.34,0.56,2026-09-17,2021,N,VIIRS,n,2.0NRT,288.68,1.98,N
21.45741,81.8032,305.38,0.39,0.36,2026-09-17,2021,N,VIIRS,n,2.0NRT,287.76,0.65,N
21.48636,81.77025,311.48,0.39,0.36,2026-09-17,2021,N,VIIRS,n,2.0NRT,288.08,0.79,N
21.50048,81.81085,305.75,0.39,0.36,2026-09-17,2021,N,VIIRS,n,2.0NRT,288.19,0.52,N
21.57584,82.0214,308.71,0.38,0.36,2026-09-17,2021,N,VIIRS,n,2.0NRT,288.44,0.95,N
21.6216,81.79366,306.43,0.39,0.36,2026-09-17,2021,N,VIIRS,n,2.0NRT,288.66,1.06,N
21.67807,84.04046,305.93,0.4,0.37,2026-09-17,2021,N,VIIRS,n,2.0NRT,273.29,1.04,N
21.67872,84.03658,306.87,0.4,0.37,2026-09-17,2021,N,VIIRS,n,2.0NRT,275.89,1.04,N
21.68145,84.04111,301.12,0.4,0.37,2026-09-17,2021,N,VIIRS,n,2.0NRT,272.91,1.05,N
21.73932,83.84106,302.62,0.4,0.37,2026-09-17,2021,N,VIIRS,n,2.0NRT,273.03,0.85,N
21.74268,83.84171,311.08,0.4,0.37,2026-09-17,2021,N,VIIRS,n,2.0NRT,275.12,2.05,N
21.74604,83.84237,326.62,0.4,0.37,2026-09-17,2021,N,VIIRS,n,2.0NRT,276.98,2.05,N
21.7494,83.84303,324.86,0.4,0.37,2026-09-17,2021,N,VIIRS,n,2.0NRT,277.46,1.66,N
21.75276,83.84368,308.34,0.4,0.37,2026-09-17,2021,N,VIIRS,n,2.0NRT,276.58,1.66,N
21.75404,83.8437,318.14,0.4,0.37,2026-09-17,2021,N,VIIRS,n,2.0NRT,276.8,1.51,N
21.7574,83.84435,312.21,0.4,0.37,2026-09-17,2021,N,VIIRS,n,2.0NRT,275.01,1.51,N
21.76011,83.84884,300.38,0.4,0.37,2026-09-17,2021,N,VIIRS,n,2.0NRT,275.73,1.22,N
21.76076,83.845,311.2,0.4,0.37,2026-09-17,2021,N,VIIRS,n,2.0NRT,274.14,1.22,N
21.76242,84.0204,303.32,0.4,0.37,2026-09-17,2021,N,VIIRS,n,2.0NRT,275.03,1.69,N
21.76347,83.84949,319.11,0.4,0.37,2026-09-17,2021,N,VIIRS,n,2.0NRT,277.98,1.22,N
21.76424,85.57803,303.15,0.46,0.39,2026-09-17,2021,N,VIIRS,n,2.0NRT,287.55,0.55,N
21.76514,84.02493,325.15,0.4,0.37,2026-09-17,2021,N,VIIRS,n,2.0NRT,277.25,1.77,N
21.7658,84.02105,303.86,0.4,0.37,2026-09-17,2021,N,VIIRS,n,2.0NRT,275.57,1.77,N
21.76645,84.01719,303.37,0.4,0.37,2026-09-17,2021,N,VIIRS,n,2.0NRT,276.53,1.42,N
21.87802,83.55674,301.9,0.39,0.36,2026-09-17,2021,N,VIIRS,n,2.0NRT,281.12,0.65,N
21.88929,83.55106,302.35,0.39,0.36,2026-09-17,2021,N,VIIRS,n,2.0NRT,279.92,0.34,N
21.91882,83.35059,305.62,0.39,0.36,2026-09-17,2021,N,VIIRS,n,2.0NRT,267.6,0.97,N
21.92215,83.35123,307.34,0.39,0.36,2026-09-17,2021,N,VIIRS,n,2.0NRT,266.89,0.97,N
21.92439,85.22147,317.28,0.44,0.38,2026-09-17,2021,N,VIIRS,n,2.0NRT,290.6,2.65,N
21.93141,85.22286,307.39,0.44,0.38,2026-09-17,2021,N,VIIRS,n,2.0NRT,290.02,1.54,N
21.95255,83.78188,296.47,0.4,0.37,2026-09-17,2021,N,VIIRS,n,2.0NRT,271.43,0.35,N
21.96451,83.77235,301.3,0.4,0.37,2026-09-17,2021,N,VIIRS,n,2.0NRT,274.03,0.97,N
21.98454,83.23458,307.92,0.39,0.36,2026-09-17,2021,N,VIIRS,n,2.0NRT,280.37,0.77,N
21.98516,83.23084,303.58,0.39,0.36,2026-09-17,2021,N,VIIRS,n,2.0NRT,280.88,0.77,N
22.03135,83.36708,301.22,0.39,0.36,2026-09-17,2021,N,VIIRS,n,2.0NRT,279.46,0.88,N
22.03713,83.35266,305.56,0.39,0.36,2026-09-17,2021,N,VIIRS,n,2.0NRT,280.06,0.78,N
22.03775,83.34889,303.75,0.39,0.36,2026-09-17,2021,N,VIIRS,n,2.0NRT,279.24,0.78,N
22.03882,83.73061,303.22,0.4,0.37,2026-09-17,2021,N,VIIRS,n,2.0NRT,265.49,0.66,N
22.04216,83.73125,296.86,0.4,0.37,2026-09-17,2021,N,VIIRS,n,2.0NRT,264.45,0.66,N
22.05333,88.12676,300.01,0.41,0.45,2026-09-17,2021,N,VIIRS,n,2.0NRT,279.35,0.93,N
22.05408,88.12284,310.15,0.41,0.45,2026-09-17,2021,N,VIIRS,n,2.0NRT,279.94,0.93,N
22.05503,85.46603,305.45,0.45,0.39,2026-09-17,2021,N,VIIRS,n,2.0NRT,289.57,0.88,N
22.08943,83.11558,304.78,0.39,0.36,2026-09-17,2021,N,VIIRS,n,2.0NRT,283.61,1.12,N
22.13164,85.38404,306.67,0.44,0.39,2026-09-17,2021,N,VIIRS,n,2.0NRT,288.74,0.63,N
22.2065,84.86951,312.33,0.42,0.38,2026-09-17,2021,N,VIIRS,n,2.0NRT,288.89,1.96,N
22.20791,84.86137,336.29,0.42,0.38,2026-09-17,2021,N,VIIRS,n,2.0NRT,290.95,2.79,N
22.20851,84.54888,306.86,0.41,0.37,2026-09-17,2021,N,VIIRS,n,2.0NRT,289.78,1.04,N
22.20931,84.85323,307.19,0.42,0.38,2026-09-17,2021,N,VIIRS,n,2.0NRT,289.72,0.57,N
22.21136,84.86207,306.61,0.42,0.38,2026-09-17,2021,N,VIIRS,n,2.0NRT,290.55,2.79,N
22.21141,84.84103,307.2,0.42,0.38,2026-09-17,2021,N,VIIRS,n,2.0NRT,289.89,1.22,N
22.2134,84.87091,305.34,0.42,0.38,2026-09-17,2021,N,VIIRS,n,2.0NRT,290.19,1.64,N
22.2141,84.86684,325.37,0.42,0.38,2026-09-17,2021,N,VIIRS,n,2.0NRT,290.16,1.64,N
22.2189,84.88046,304.48,0.42,0.38,2026-09-17,2021,N,VIIRS,n,2.0NRT,289.6,0.62,N
22.31489,82.53227,298.81,0.38,0.36,2026-09-17,2021,N,VIIRS,n,2.0NRT,277.66,1.17,N
22.3168,82.56316,299.36,0.38,0.36,2026-09-17,2021,N,VIIRS,n,2.0NRT,277.18,0.94,N
22.31739,82.55944,320.34,0.38,0.36,2026-09-17,2021,N,VIIRS,n,2.0NRT,276.76,1.87,N
22.3201,82.56376,308.88,0.38,0.36,2026-09-17,2021,N,VIIRS,n,2.0NRT,277.97,0.94,N
22.32258,82.59093,303.12,0.38,0.36,2026-09-17,2021,N,VIIRS,n,2.0NRT,279.21,0.75,N
22.32318,82.58723,302.7,0.38,0.36,2026-09-17,2021,N,VIIRS,n,2.0NRT,277.88,0.75,N
22.33073,82.60389,310.14,0.38,0.36,2026-09-17,2021,N,VIIRS,n,2.0NRT,279.63,1.39,N
22.35698,87.28996,304.91,0.54,0.42,2026-09-17,2021,N,VIIRS,n,2.0NRT,286.17,1.23,N
22.35783,82.30344,341.06,0.38,0.36,2026-09-17,2021,N,VIIRS,n,2.0NRT,289.04,4.46,N
22.35842,82.29972,316.3,0.38,0.36,2026-09-17,2021,N,VIIRS,n,2.0NRT,286.35,2.74,N
22.3627,87.30209,311.96,0.54,0.42,2026-09-17,2021,N,VIIRS,n,2.0NRT,285.02,2.4,N
22.36325,87.01734,306.81,0.52,0.42,2026-09-17,2021,N,VIIRS,n,2.0NRT,287.35,1.94,N
22.36656,87.30293,312.57,0.54,0.42,2026-09-17,2021,N,VIIRS,n,2.0NRT,285.31,2.88,N
22.36705,87.01815,311.33,0.52,0.42,2026-09-17,2021,N,VIIRS,n,2.0NRT,287.73,1.57,N
22.37536,87.27769,308.67,0.54,0.42,2026-09-17,2021,N,VIIRS,n,2.0NRT,286.8,2.06,N
22.37922,87.27854,322.59,0.54,0.42,2026-09-17,2021,N,VIIRS,n,2.0NRT,287.15,4.05,N
23.16242,82.33555,313.18,0.38,0.36,2026-09-17,2021,N,VIIRS,n,2.0NRT,288.77,1.06,N
23.16456,82.34363,307.95,0.38,0.36,2026-09-17,2021,N,VIIRS,n,2.0NRT,287.95,1.61,N
23.16514,82.33989,330.1,0.38,0.36,2026-09-17,2021,N,VIIRS,n,2.0NRT,290.17,1.61,N
23.16573,82.33615,306.39,0.38,0.36,2026-09-17,2021,N,VIIRS,n,2.0NRT,289.2,0.73,N
23.16786,82.34424,312.13,0.38,0.36,2026-09-17,2021,N,VIIRS,n,2.0NRT,288.52,1.61,N
23.5586,87.23982,335.25,0.52,0.41,2026-09-17,2021,N,VIIRS,n,2.0NRT,265.95,6.29,N
23.64853,85.43797,302.31,0.43,0.38,2026-09-17,2021,N,VIIRS,n,2.0NRT,274.75,0.34,N
23.71881,85.00961,308.91,0.42,0.37,2026-09-17,2021,N,VIIRS,n,2.0NRT,284.92,0.59,N
23.73961,85.0083,309.55,0.41,0.37,2026-09-17,2021,N,VIIRS,n,2.0NRT,286.93,1.57,N
23.82859,84.57331,305.7,0.4,0.37,2026-09-17,2021,N,VIIRS,n,2.0NRT,288.02,1.88,N
24.01121,80.53002,304.79,0.42,0.38,2026-09-17,2021,N,VIIRS,n,2.0NRT,291.56,0.93,N
24.05251,80.61311,308.97,0.42,0.38,2026-09-17,2021,N,VIIRS,n,2.0NRT,291.68,1.02,N
24.1451,82.65688,309.94,0.38,0.36,2026-09-17,2021,N,VIIRS,n,2.0NRT,288.77,0.93,N
24.1545,82.59667,303.68,0.38,0.36,2026-09-17,2021,N,VIIRS,n,2.0NRT,289.36,0.57,N
24.15919,82.56651,308.94,0.38,0.36,2026-09-17,2021,N,VIIRS,n,2.0NRT,290.19,1.13,N
24.16302,82.62923,310.7,0.38,0.36,2026-09-17,2021,N,VIIRS,n,2.0NRT,289.83,1.11,N
24.1811,82.64421,307.27,0.38,0.36,2026-09-17,2021,N,VIIRS,n,2.0NRT,289.88,0.92,N
24.18205,82.65988,307.62,0.38,0.36,2026-09-17,2021,N,VIIRS,n,2.0NRT,290.44,1.18,N
24.19693,82.7169,319.69,0.38,0.36,2026-09-17,2021,N,VIIRS,n,2.0NRT,290.08,1.62,N
24.20473,82.71059,306.64,0.38,0.36,2026-09-17,2021,N,VIIRS,n,2.0NRT,290.7,1.45,N
24.20532,82.70683,305.18,0.38,0.36,2026-09-17,2021,N,VIIRS,n,2.0NRT,289.99,0.64,N
24.20653,82.52477,302.9,0.39,0.36,2026-09-17,2021,N,VIIRS,n,2.0NRT,285.63,0.56,N
24.32523,81.32887,308.4,0.4,0.37,2026-09-17,2021,N,VIIRS,n,2.0NRT,288.99,0.64,N
25.3881,68.57704,304.56,0.71,0.75,2026-09-17,2021,N,VIIRS,n,2.0NRT,291.97,1.15,N
11.26819,80.00468,315.44,0.38,0.36,2026-09-17,2023,N,VIIRS,n,2.0NRT,288.2,2.8,N
11.81608,77.91647,303.15,0.42,0.37,2026-09-17,2023,N,VIIRS,n,2.0NRT,284.71,0.94,N
12.62707,79.91238,315.74,0.38,0.36,2026-09-17,2023,N,VIIRS,n,2.0NRT,289.16,1.63,N
13.38076,80.11128,305.05,0.38,0.36,2026-09-17,2023,N,VIIRS,n,2.0NRT,287.42,1.24,N
13.39237,80.10231,308.79,0.38,0.36,2026-09-17,2023,N,VIIRS,n,2.0NRT,286.24,1.22,N
13.44764,80.09685,305.49,0.38,0.36,2026-09-17,2023,N,VIIRS,n,2.0NRT,287.99,1.47,N
15.65784,73.98741,309.59,0.5,0.49,2026-09-17,2023,N,VIIRS,n,2.0NRT,287.68,1.82,N
16.59328,80.69549,308.15,0.39,0.36,2026-09-17,2023,N,VIIRS,n,2.0NRT,291.07,0.66,N
8.76085,78.01939,307.37,0.4,0.37,2026-09-17,2025,N,VIIRS,n,2.0NRT,293.37,1.38,N
8.90882,80.78407,296.76,0.4,0.37,2026-09-17,2025,N,VIIRS,n,2.0NRT,260.39,0.36,N
8.9122,80.78463,296.77,0.4,0.37,2026-09-17,2025,N,VIIRS,n,2.0NRT,259.28,0.36,N
31.76814,70.1087,303.9,0.35,0.57,2026-09-17,2159,N,VIIRS,n,2.0NRT,288.04,0.66,N
32.89023,71.61798,307.17,0.4,0.6,2026-09-17,2159,N,VIIRS,n,2.0NRT,289.02,0.61,N
33.24206,71.51898,307.23,0.39,0.59,2026-09-17,2159,N,VIIRS,n,2.0NRT,287.45,0.67,N
33.24233,71.52106,304.86,0.39,0.59,2026-09-17,2159,N,VIIRS,n,2.0NRT,287.65,0.34,N
33.29738,71.18745,307.08,0.37,0.58,2026-09-17,2159,N,VIIRS,n,2.0NRT,288.11,0.6,N
25.38621,68.58492,309.61,0.39,0.6,2026-09-17,2201,N,VIIRS,n,2.0NRT,293.22,0.94,N
25.38622,68.58324,317.29,0.39,0.6,2026-09-17,2201,N,VIIRS,n,2.0NRT,293.82,1.16,N
28.04034,69.67474,326.39,0.4,0.6,2026-09-17,2201,N,VIIRS,n,2.0NRT,292.83,2.46,N
7.0873,81.81886,330.34,0.35,0.57,2026-09-18,729,N,VIIRS,n,2.0NRT,290.86,3.49,D
7.61579,80.95069,349.72,0.4,0.6,2026-09-18,729,N,VIIRS,n,2.0NRT,292.59,10.59,D
7.61643,80.95426,367,0.4,0.6,2026-09-18,729,N,VIIRS,h,2.0NRT,293.36,10.59,D
7.62549,81.00471,333.4,0.39,0.59,2026-09-18,729,N,VIIRS,n,2.0NRT,290.54,2.82,D
7.98136,80.23378,328.94,0.44,0.62,2026-09-18,729,N,VIIRS,n,2.0NRT,282.58,2.97,D
9.12895,80.43666,344.33,0.4,0.6,2026-09-18,729,N,VIIRS,n,2.0NRT,286.15,8.27,D
9.35563,78.81754,338.63,0.51,0.66,2026-09-18,731,N,VIIRS,n,2.0NRT,290.3,6.4,D
9.58416,78.56781,331.83,0.53,0.67,2026-09-18,731,N,VIIRS,n,2.0NRT,290.8,3.52,D
11.26936,80.0015,330.06,0.4,0.6,2026-09-18,731,N,VIIRS,n,2.0NRT,289.22,2.77,D
12.45774,76.88866,329.6,0.6,0.71,2026-09-18,731,N,VIIRS,n,2.0NRT,287.02,3.87,D
12.76095,76.89168,328.91,0.6,0.7,2026-09-18,731,N,VIIRS,n,2.0NRT,285.42,3.45,D
15.77255,79.61308,342.12,0.35,0.56,2026-09-18,731,N,VIIRS,n,2.0NRT,295.87,2.57,D
15.82326,79.27283,330.08,0.36,0.58,2026-09-18,731,N,VIIRS,n,2.0NRT,291.55,1.73,D
16.72037,80.79633,331.11,0.56,0.51,2026-09-18,731,N,VIIRS,n,2.0NRT,293.46,4.92,D
20.76025,85.29648,330.8,0.42,0.38,2026-09-18,733,N,VIIRS,n,2.0NRT,297.04,3.63,D
20.79413,85.2533,342.2,0.42,0.38,2026-09-18,733,N,VIIRS,n,2.0NRT,300.4,13.43,D
20.87001,84.99484,334.77,0.43,0.38,2026-09-18,733,N,VIIRS,n,2.0NRT,295.35,4.79,D
20.88594,84.98339,337.65,0.43,0.38,2026-09-18,733,N,VIIRS,n,2.0NRT,300.51,7.29,D
20.88941,84.98272,330.16,0.43,0.38,2026-09-18,733,N,VIIRS,l,2.0NRT,300.44,6.67,D
20.96252,85.18555,330.84,0.42,0.38,2026-09-18,733,N,VIIRS,n,2.0NRT,298.34,5.6,D
20.96318,85.18954,347.15,0.42,0.38,2026-09-18,733,N,VIIRS,n,2.0NRT,300.37,8.26,D
20.96807,85.17624,343.6,0.42,0.38,2026-09-18,733,N,VIIRS,n,2.0NRT,299.14,8.51,D
20.9715,85.17557,337.16,0.42,0.38,2026-09-18,733,N,VIIRS,n,2.0NRT,298.09,4.62,D
21.07709,85.03987,337.55,0.42,0.38,2026-09-18,733,N,VIIRS,l,2.0NRT,299.78,9.75,D
21.08054,85.03921,337.66,0.42,0.38,2026-09-18,733,N,VIIRS,l,2.0NRT,298.64,8.08,D
21.68003,84.04025,334.65,0.46,0.39,2026-09-18,733,N,VIIRS,n,2.0NRT,297.36,8.25,D
22.20841,84.86203,338.5,0.42,0.38,2026-09-18,733,N,VIIRS,n,2.0NRT,299.33,4.33,D
22.61108,85.91333,331.75,0.39,0.36,2026-09-18,733,N,VIIRS,n,2.0NRT,299.31,2.6,D
23.40216,86.44112,330.04,0.39,0.36,2026-09-18,733,N,VIIRS,n,2.0NRT,296.03,1.44,D
23.64898,85.43888,330.97,0.4,0.37,2026-09-18,733,N,VIIRS,n,2.0NRT,295.71,3.69,D
23.66456,87.15617,331.13,0.38,0.36,2026-09-18,733,N,VIIRS,n,2.0NRT,294.46,3.18,D
23.69788,86.07732,345.92,0.39,0.36,2026-09-18,733,N,VIIRS,n,2.0NRT,300.39,5.38,D
23.71202,86.45006,330.66,0.38,0.36,2026-09-18,733,N,VIIRS,n,2.0NRT,298.77,2.37,D
23.71261,86.45381,330.18,0.38,0.36,2026-09-18,733,N,VIIRS,n,2.0NRT,298.3,2.37,D
23.7367,86.43395,345.13,0.38,0.36,2026-09-18,733,N,VIIRS,n,2.0NRT,299.42,6.9,D
23.75904,86.40284,334.5,0.38,0.36,2026-09-18,733,N,VIIRS,n,2.0NRT,297.51,3.58,D
23.76293,86.40599,330.47,0.38,0.36,2026-09-18,733,N,VIIRS,n,2.0NRT,297.3,3.58,D
23.76623,86.40538,340.83,0.38,0.36,2026-09-18,733,N,VIIRS,n,2.0NRT,298.87,7.33,D
23.77361,86.36539,338.01,0.39,0.36,2026-09-18,733,N,VIIRS,n,2.0NRT,298.41,5.63,D
23.77917,86.20934,330.42,0.39,0.36,2026-09-18,733,N,VIIRS,n,2.0NRT,299.3,5.19,D
23.77977,86.21311,334.06,0.39,0.36,2026-09-18,733,N,VIIRS,n,2.0NRT,297.71,4.05,D
23.79494,86.35343,334.23,0.39,0.36,2026-09-18,733,N,VIIRS,n,2.0NRT,297.25,3.43,D
24.40252,96.57825,326.97,0.37,0.58,2026-09-18,733,N,VIIRS,n,2.0NRT,289.93,2.21,D
30.99714,74.72215,337.86,0.34,0.56,2026-09-18,737,N,VIIRS,n,2.0NRT,293.78,2.42,D
9.61201,78.40251,331.91,0.73,0.76,2026-09-18,911,N,VIIRS,n,2.0NRT,290.84,7.68,D
28.03713,69.67434,332.38,0.33,0.55,2026-09-18,915,N,VIIRS,n,2.0NRT,301.77,3.32,D